{"stats":{"minecraft:custom":{"lootr:looted_stat":1,"minecraft:interact_with_furnace":10,"minecraft:mob_kills":20,"minecraft:interact_with_crafting_table":9,"minecraft:leave_game":1,"minecraft:time_since_death":0,"minecraft:time_since_rest":0,"minecraft:sprint_one_cm":129449,"minecraft:damage_taken":880,"minecraft:walk_one_cm":80156,"minecraft:drop":6,"minecraft:damage_dealt":2858,"minecraft:swim_one_cm":24777,"minecraft:fly_one_cm":217273,"minecraft:crouch_one_cm":1,"minecraft:play_time":38142,"minecraft:deaths":3,"minecraft:sneak_time":35,"minecraft:walk_under_water_one_cm":2338,"minecraft:jump":1018,"minecraft:walk_on_water_one_cm":9290,"minecraft:total_world_time":38142,"minecraft:fall_one_cm":20578},"minecraft:mined":{"minecraft:white_bed":2,"minecraft:crafting_table":2,"minecraft:grass_block":3,"minecraft:sugar_cane":3,"minecraft:birch_sapling":1,"minecraft:air":6,"botania:cyan_mystical_flower":1,"minecraft:furnace":1,"minecraft:birch_log":34,"regions_unexplored:larch_leaves":8,"minecraft:grass":3,"minecraft:coal_ore":17,"crittersandcompanions:silk_cocoon":1,"minecraft:dirt":8,"regions_unexplored:medium_grass":1,"minecraft:stone":118,"minecraft:oak_leaves":4,"minecraft:fern":2},"minecraft:killed":{"minecraft:pig":10,"minecraft:sheep":3,"endofherobrine:sheep":2,"minecraft:cow":5},"minecraft:broken":{"minecraft:wooden_sword":1},"minecraft:used":{"minecraft:cooked_mutton":3,"minecraft:stone_pickaxe":121,"minecraft:birch_boat":1,"minecraft:wooden_pickaxe":15,"minecraft:dirt":7,"minecraft:crafting_table":4,"minecraft:white_bed":3,"minecraft:stone_axe":37,"minecraft:wooden_sword":63,"minecraft:furnace":2,"minecraft:cooked_porkchop":2,"tombstone:gift":2},"minecraft:killed_by":{"minecraft:skeleton":1,"endofherobrine:sheep":1},"minecraft:dropped":{"minecraft:birch_sapling":5,"botania:cyan_mystical_flower":1},"minecraft:crafted":{"minecraft:cooked_beef":5,"minecraft:wooden_sword":1,"minecraft:cooked_porkchop":6,"minecraft:crafting_table":2,"minecraft:wooden_pickaxe":1,"minecraft:birch_boat":1,"minecraft:furnace":1,"minecraft:birch_planks":28,"minecraft:stone_axe":1,"minecraft:cooked_mutton":3,"minecraft:air":0,"minecraft:charcoal":4,"minecraft:stick":8,"minecraft:stone_pickaxe":2,"minecraft:white_bed":1,"minecraft:torch":8},"minecraft:picked_up":{"minecraft:birch_log":41,"minecraft:crafting_table":2,"minecraft:leather":5,"minecraft:lead":1,"silentgear:sinew":2,"minecraft:dirt":11,"minecraft:bone":3,"botania:cyan_mystical_flower":1,"mysticalagriculture:inferium_essence":7,"minecraft:beef":14,"minecraft:iron_nugget":3,"minecraft:sugar_cane":8,"minecraft:birch_sapling":5,"minecraft:furnace":1,"minecraft:stick":7,"minecraft:porkchop":21,"minecraft:white_bed":2,"crittersandcompanions:silk":3,"minecraft:oak_sapling":2,"minecraft:mutton":3,"minecraft:coal":17,"minecraft:white_wool":3,"minecraft:cobblestone":118}},"DataVersion":3465}