{"stats":{"minecraft:mined":{"brewery:wild_hops":3,"minecraft:kelp_plant":3,"minecraft:dark_oak_log":1,"minecraft:crafting_table":3,"minecraft:torch":1,"minecraft:grass_block":7,"minecraft:kelp":2,"mysticalagriculture:inferium_ore":5,"minecraft:hay_block":7,"regions_unexplored:stone_bud":1,"minecraft:furnace":2,"minecraft:birch_log":79,"minecraft:iron_ore":3,"minecraft:birch_leaves":4,"minecraft:grass":11,"minecraft:coal_ore":19,"minecraft:gravel":6,"minecraft:dirt":7,"minecraft:stone":40},"minecraft:broken":{"minecraft:wooden_axe":1},"minecraft:killed":{"minecraft:vindicator":1,"minecraft:sheep":1,"minecraft:pillager":2,"minecraft:chicken":2,"minecraft:drowned":1,"minecraft:cow":3},"minecraft:custom":{"lootr:looted_stat":2,"minecraft:interact_with_furnace":14,"minecraft:mob_kills":10,"tombstone:raider_killed":3,"minecraft:interact_with_crafting_table":10,"minecraft:damage_dealt_resisted":388,"minecraft:time_since_death":28829,"minecraft:time_since_rest":28829,"minecraft:sprint_one_cm":76616,"minecraft:damage_taken":614,"minecraft:walk_one_cm":33775,"minecraft:drop":5,"minecraft:damage_dealt":2233,"minecraft:swim_one_cm":6519,"minecraft:fly_one_cm":106698,"minecraft:crouch_one_cm":117,"minecraft:play_time":28829,"tombstone:undead_killed":1,"minecraft:sneak_time":262,"minecraft:walk_under_water_one_cm":7835,"minecraft:jump":378,"minecraft:walk_on_water_one_cm":14781,"minecraft:total_world_time":28829,"minecraft:fall_one_cm":13841},"minecraft:crafted":{"minecraft:cooked_beef":5,"minecraft:crafting_table":1,"minecraft:wooden_pickaxe":1,"minecraft:cooked_chicken":2,"minecraft:furnace":1,"minecraft:birch_planks":24,"minecraft:stone_axe":1,"minecraft:bread":21,"minecraft:air":0,"minecraft:stick":16,"minecraft:iron_ingot":3,"minecraft:stone_pickaxe":1,"minecraft:wooden_axe":1,"minecraft:stone_sword":1,"minecraft:torch":4,"minecraft:wheat":63},"minecraft:dropped":{"minecraft:wheat_seeds":2,"minecraft:cooked_beef":1,"thermal:amaranth_seeds":1,"minecraft:apple":3},"minecraft:used":{"minecraft:stone_sword":77,"minecraft:stone_pickaxe":55,"minecraft:wooden_pickaxe":14,"minecraft:cooked_chicken":2,"minecraft:torch":2,"minecraft:dirt":4,"minecraft:mutton":2,"minecraft:crafting_table":3,"minecraft:crossbow":2,"man:cassetteplayer":1,"minecraft:wooden_axe":71,"minecraft:iron_axe":7,"minecraft:bread":4,"minecraft:stone_axe":23,"minecraft:furnace":2,"minecraft:cooked_beef":3},"minecraft:picked_up":{"minecraft:birch_log":79,"minecraft:crafting_table":3,"minecraft:feather":3,"minecraft:chicken":2,"minecraft:leather":1,"minecraft:flint":1,"minecraft:dirt":14,"silentgear:sinew":1,"minecraft:iron_axe":1,"brewery:hops_seeds":6,"minecraft:leather_boots":1,"minecraft:kelp":6,"minecraft:wheat_seeds":2,"mysticalagriculture:inferium_essence":20,"minecraft:beef":5,"crittersandcompanions:clam":1,"minecraft:birch_sapling":38,"minecraft:furnace":2,"minecraft:stick":11,"minecraft:raw_iron":3,"minecraft:torch":1,"minecraft:gravel":10,"minecraft:arrow":4,"minecraft:hay_block":7,"minecraft:chainmail_helmet":1,"minecraft:emerald":2,"thermal:amaranth_seeds":1,"minecraft:mutton":2,"minecraft:coal":34,"minecraft:cobblestone":40,"minecraft:white_wool":1}},"DataVersion":3465}