{"stats":{"minecraft:custom":{"lootr:looted_stat":81,"minecraft:mob_kills":73,"minecraft:interact_with_crafting_table":37,"minecraft:open_barrel":30,"minecraft:bell_ring":10,"minecraft:damage_dealt_resisted":2245,"minecraft:leave_game":1,"minecraft:time_since_death":11491,"minecraft:climb_one_cm":5157,"minecraft:sprint_one_cm":440668,"minecraft:walk_one_cm":315864,"minecraft:drop":78,"minecraft:damage_dealt_absorbed":31,"minecraft:talked_to_villager":3,"minecraft:play_time":157410,"minecraft:deaths":32,"minecraft:sneak_time":3606,"minecraft:walk_under_water_one_cm":18289,"minecraft:boat_one_cm":59518,"minecraft:interact_with_lectern":1,"minecraft:jump":2261,"minecraft:walk_on_water_one_cm":23774,"minecraft:total_world_time":157410,"minecraft:interact_with_furnace":27,"tombstone:raider_killed":10,"minecraft:sleep_in_bed":5,"minecraft:time_since_rest":574,"minecraft:damage_absorbed":80,"minecraft:damage_taken":17670,"minecraft:damage_dealt":24894,"minecraft:swim_one_cm":35856,"minecraft:fly_one_cm":383104,"minecraft:crouch_one_cm":5074,"tombstone:undead_killed":41,"minecraft:interact_with_smoker":1,"minecraft:fall_one_cm":68656,"minecraft:horse_one_cm":1445},"minecraft:mined":{"minecraft:dark_oak_planks":4,"minecraft:red_carpet":15,"minecraft:white_bed":7,"minecraft:mossy_cobblestone":3,"regions_unexplored:maple_planks":22,"regions_unexplored:maple_log":9,"minecraft:cobblestone_stairs":2,"minecraft:dark_oak_log":4,"minecraft:dark_oak_fence":7,"minecraft:carved_pumpkin":1,"minecraft:ladder":3,"minecraft:grass_block":7,"friendsandfoes:waxed_lightning_rod":2,"minecraft:kelp":2,"mysticalagriculture:inferium_ore":5,"minecraft:spawner":9,"minecraft:hay_block":14,"regions_unexplored:stone_bud":1,"minecraft:furnace":5,"minecraft:iron_ore":6,"regions_unexplored:orange_maple_leaves":1,"minecraft:peony":1,"regions_unexplored:red_maple_leaves":3,"minecraft:oak_stairs":1,"minecraft:iron_bars":1,"regions_unexplored:medium_grass":5,"regions_unexplored:silt_grass_block":3,"irons_spellbooks:inscription_table":1,"minecraft:stone":97,"minecraft:iron_block":2,"minecraft:green_bed":1,"minecraft:spruce_slab":4,"brewery:wild_hops":3,"minecraft:kelp_plant":3,"minecraft:smoker":1,"minecraft:stripped_dark_oak_log":2,"minecraft:crafting_table":7,"minecraft:torch":2,"minecraft:blast_furnace":2,"regions_unexplored:silt_dirt":10,"minecraft:lime_carpet":1,"minecraft:cobblestone":17,"minecraft:copper_ore":1,"minecraft:tall_grass":7,"minecraft:sugar_cane":6,"minecraft:wall_torch":1,"minecraft:skeleton_skull":9,"minecraft:chain":1,"minecraft:birch_log":79,"minecraft:black_bed":1,"minecraft:waxed_copper_block":1,"minecraft:birch_leaves":5,"minecraft:stone_brick_stairs":5,"minecraft:grass":26,"minecraft:coal_ore":97,"minecraft:gravel":7,"minecraft:dirt":11,"minecraft:cobweb":27,"minecraft:cracked_stone_bricks":5,"minecraft:stone_bricks":18,"minecraft:mossy_stone_bricks":1,"paraglider:goddess_statue":1,"minecraft:oak_leaves":1},"minecraft:killed":{"fight_or_die:springer":3,"minecraft:cave_spider":4,"tinyskeletons:baby_stray":1,"born_in_chaos_v1:restless_spirit":1,"born_in_chaos_v1:door_knight_not_despawn":1,"minecraft:vindicator":2,"minecraft:spider":1,"enemyexpansion:direwolf":1,"born_in_chaos_v1:baby_skeleton_minion":5,"born_in_chaos_v1:maggot":2,"minecraft:skeleton":2,"minecraft:chicken":2,"minecraft:drowned":1,"born_in_chaos_v1:supreme_bonescaller_stage_2":1,"minecraft:husk":1,"born_in_chaos_v1:bone_imp_minion":16,"born_in_chaos_v1:decrepit_skeleton":3,"minecraft:sheep":1,"minecraft:pillager":8,"minecraft:zombie":2,"born_in_chaos_v1:bonescaller_not_despawn":1,"minecraft:stray":2,"enemyexpansion:slugger":5,"minecraft:cow":5},"minecraft:broken":{"minecraft:stone_sword":1,"minecraft:iron_leggings":1,"minecraft:chainmail_helmet":1,"minecraft:iron_axe":1,"minecraft:iron_sword":2,"minecraft:iron_helmet":1,"minecraft:wooden_axe":1},"minecraft:used":{"regions_unexplored:silt_dirt":1,"minecraft:stone_sword":128,"minecraft:carved_pumpkin":1,"minecraft:armor_stand":1,"minecraft:ladder":3,"minecraft:iron_sword":693,"minecraft:cooked_chicken":2,"regions_unexplored:maple_planks":25,"minecraft:torch":13,"minecraft:dirt":33,"minecraft:mutton":2,"minecraft:carrot":1,"minecraft:dark_oak_planks":3,"minecraft:wooden_axe":71,"minecraft:iron_axe":25,"minecraft:stone_bricks":10,"minecraft:red_carpet":1,"minecraft:written_book":1,"minecraft:goat_horn":2,"minecraft:furnace":5,"tombstone:gift":6,"minecraft:cooked_beef":11,"minecraft:water_bucket":5,"minecraft:stone_pickaxe":89,"minecraft:wooden_pickaxe":14,"minecraft:green_bed":1,"minecraft:waxed_copper_block":1,"minecraft:golden_apple":2,"minecraft:crafting_table":9,"minecraft:crossbow":7,"minecraft:white_bed":8,"minecraft:black_bed":1,"man:cassetteplayer":1,"minecraft:bread":110,"minecraft:iron_pickaxe":193,"minecraft:gravel":1,"tombstone:grave_key":1,"friendsandfoes:waxed_lightning_rod":2,"minecraft:stone_axe":82,"minecraft:cobblestone":29,"minecraft:white_banner":1,"minecraft:bucket":6,"regions_unexplored:maple_boat":1,"minecraft:experience_bottle":3,"minecraft:cobweb":21},"minecraft:dropped":{"minecraft:bread":1,"minecraft:wheat_seeds":5,"minecraft:cooked_beef":1,"minecraft:mossy_cobblestone":3,"regions_unexplored:pine_shrub":1,"minecraft:cobblestone":10,"minecraft:apple":3,"minecraft:cracked_stone_bricks":6,"thermal:flax_seeds":1,"silentgear:sinew":1,"minecraft:chainmail_helmet":3,"minecraft:cobblestone_stairs":1,"minecraft:red_carpet":19,"minecraft:flint":1,"born_in_chaos_v1:monster_flesh":2,"minecraft:dirt":1,"minecraft:cobweb":2,"minecraft:dark_oak_fence":5,"minecraft:lime_carpet":1,"minecraft:chain":1,"minecraft:bone_meal":2,"minecraft:oak_stairs":1,"irons_spellbooks:common_ink":1,"minecraft:paper":1,"minecraft:string":1,"thermal:green_bean_seeds":2,"minecraft:bone":1,"minecraft:gravel":2,"minecraft:stone_axe":1,"minecraft:kelp":4,"simplehats:acornhat":1,"thermal:amaranth_seeds":1,"minecraft:raw_copper":3,"simplehats:round_purple_wig":1,"minecraft:rotten_flesh":3,"supplementaries:ash":2,"minecraft:cobblestone_slab":2,"minecraft:mossy_stone_bricks":1,"minecraft:charcoal":1,"born_in_chaos_v1:corpse_maggot":2,"simplehats:tick_on_head":1,"minecraft:leather_leggings":1,"minecraft:stone_bricks":6,"minecraft:spruce_slab":3,"minecraft:iron_bars":1,"minecraft:arrow":16,"minecraft:stone_pickaxe":2,"regions_unexplored:silt_dirt":11,"minecraft:stone_brick_stairs":4},"minecraft:crafted":{"regions_unexplored:maple_planks":36,"minecraft:cooked_chicken":2,"minecraft:furnace":1,"minecraft:iron_boots":1,"minecraft:leather":20,"minecraft:stone_pickaxe":1,"minecraft:chest":1,"minecraft:dark_oak_planks":20,"sophisticatedbackpacks:iron_backpack":1,"minecraft:wheat":81,"minecraft:cooked_beef":7,"sophisticatedbackpacks:backpack":1,"minecraft:crafting_table":2,"minecraft:wooden_pickaxe":1,"minecraft:iron_helmet":1,"minecraft:iron_sword":3,"sophisticatedbackpacks:gold_backpack":1,"minecraft:bucket":1,"minecraft:birch_planks":24,"regions_unexplored:maple_boat":1,"minecraft:stone_axe":1,"minecraft:bread":68,"minecraft:air":0,"minecraft:iron_chestplate":1,"minecraft:white_wool":2,"minecraft:stick":20,"minecraft:iron_ingot":21,"minecraft:iron_pickaxe":1,"minecraft:wooden_axe":1,"minecraft:stone_sword":1,"minecraft:iron_leggings":1,"minecraft:white_bed":1,"minecraft:torch":20},"minecraft:picked_up":{"minecraft:crafting_table":7,"minecraft:ladder":3,"minecraft:chicken":2,"born_in_chaos_v1:seedof_chaos":4,"regions_unexplored:silt_dirt":13,"minecraft:oak_stairs":1,"regions_unexplored:maple_planks":22,"minecraft:stone_brick_stairs":4,"minecraft:chain":1,"simplehats:round_purple_wig":1,"paraglider:goddess_statue":1,"silentgear:sinew":2,"minecraft:string":30,"minecraft:raw_copper":3,"minecraft:iron_axe":1,"minecraft:armor_stand":1,"minecraft:cracked_stone_bricks":6,"mysticalagriculture:inferium_essence":35,"minecraft:beef":10,"minecraft:cobblestone_slab":2,"minecraft:spruce_slab":3,"irons_spellbooks:inscription_table":1,"minecraft:sugar_cane":15,"minecraft:birch_sapling":38,"crittersandcompanions:clam":1,"regions_unexplored:pine_shrub":1,"minecraft:furnace":5,"minecraft:tipped_arrow":2,"minecraft:raw_iron":6,"minecraft:stick":15,"born_in_chaos_v1:shattered_skull":1,"simplehats:hatbag_common":4,"minecraft:torch":5,"minecraft:green_bed":1,"tombstone:grave_dust":3,"thermal:flax_seeds":1,"minecraft:dark_oak_planks":3,"minecraft:lime_carpet":1,"simplehats:horsemask":1,"minecraft:arrow":33,"minecraft:rotten_flesh":13,"friendsandfoes:waxed_lightning_rod":2,"minecraft:hay_block":13,"minecraft:carved_pumpkin":1,"minecraft:iron_block":2,"tombstone:essence_of_undeath":1,"supplementaries:ash":2,"reliquary:mob_charm_fragment":2,"simplehats:monocle":1,"minecraft:iron_bars":1,"minecraft:mutton":2,"minecraft:skeleton_skull":9,"minecraft:white_wool":1,"minecraft:cobblestone":112,"minecraft:birch_log":79,"born_in_chaos_v1:corpse_maggot":2,"minecraft:feather":3,"minecraft:cooked_beef":4,"born_in_chaos_v1:monster_flesh":2,"born_in_chaos_v1:spiritual_dust":3,"minecraft:black_bed":1,"minecraft:leather":6,"minecraft:smoker":1,"paraglider:spirit_orb":20,"minecraft:flint":1,"minecraft:waxed_copper_block":1,"minecraft:gunpowder":1,"minecraft:cobblestone_stairs":2,"minecraft:dirt":34,"minecraft:white_banner":1,"brewery:hops_seeds":6,"minecraft:leather_boots":1,"bhc:red_heart":2,"simplehats:tick_on_head":1,"minecraft:red_carpet":20,"minecraft:bone":16,"minecraft:stone_bricks":17,"minecraft:kelp":10,"minecraft:wheat_seeds":6,"minecraft:stone_pickaxe":1,"tombstone:bag_of_seeds":1,"minecraft:mossy_stone_bricks":1,"simplehats:hatbag_uncommon":1,"irons_spellbooks:frozen_bone":11,"born_in_chaos_v1:orbofthe_summoner":1,"born_in_chaos_v1:ethereal_spirit":1,"minecraft:gravel":13,"minecraft:blast_furnace":3,"minecraft:white_bed":7,"thermal:green_bean_seeds":2,"minecraft:dark_oak_log":3,"minecraft:spider_eye":1,"minecraft:mossy_cobblestone":3,"minecraft:bone_meal":2,"simplehats:carrotonstick":1,"regions_unexplored:maple_log":9,"minecraft:bread":24,"minecraft:chainmail_helmet":4,"minecraft:emerald":5,"minecraft:dark_oak_fence":5,"simplehats:acornhat":1,"thermal:amaranth_seeds":1,"minecraft:stripped_dark_oak_log":2,"minecraft:coal":223,"simplehats:fro":1}},"DataVersion":3465}