{"stats":{"minecraft:custom":{"lootr:looted_stat":80,"minecraft:mob_kills":65,"minecraft:interact_with_crafting_table":27,"minecraft:open_barrel":13,"minecraft:damage_dealt_resisted":2588,"minecraft:leave_game":4,"minecraft:time_since_death":7298,"minecraft:climb_one_cm":3504,"minecraft:sprint_one_cm":343418,"minecraft:walk_one_cm":416109,"minecraft:damage_blocked_by_shield":1425,"minecraft:drop":83,"minecraft:talked_to_villager":10,"minecraft:play_time":143014,"minecraft:deaths":29,"minecraft:sneak_time":2920,"minecraft:walk_under_water_one_cm":12982,"minecraft:boat_one_cm":46154,"minecraft:interact_with_lectern":1,"minecraft:jump":2575,"minecraft:interact_with_brewingstand":2,"minecraft:walk_on_water_one_cm":29331,"minecraft:total_world_time":143014,"minecraft:interact_with_furnace":10,"tombstone:raider_killed":17,"minecraft:traded_with_villager":1,"minecraft:sleep_in_bed":3,"minecraft:time_since_rest":7031,"minecraft:damage_taken":14026,"minecraft:damage_dealt":22731,"minecraft:swim_one_cm":60250,"minecraft:fly_one_cm":518865,"minecraft:crouch_one_cm":3881,"tombstone:undead_killed":26,"minecraft:fall_one_cm":54010},"minecraft:mined":{"minecraft:dark_oak_log":10,"regions_unexplored:red_maple_shrub":1,"minecraft:dark_oak_fence":2,"minecraft:grass_block":2,"regions_unexplored:pine_shrub":1,"regions_unexplored:maple_leaves":1,"regions_unexplored:purple_coneflower":1,"minecraft:kelp":1,"friendsandfoes:waxed_lightning_rod":1,"minecraft:spawner":3,"minecraft:hay_block":24,"regions_unexplored:stone_bud":1,"minecraft:cobblestone_slab":1,"minecraft:stone":48,"minecraft:green_bed":1,"minecraft:stripped_dark_oak_log":2,"minecraft:crafting_table":3,"minecraft:torch":1,"minecraft:blast_furnace":1,"minecraft:melon":21,"regions_unexplored:silt_dirt":1,"minecraft:cobblestone":1,"minecraft:tall_grass":9,"regions_unexplored:pine_log":2,"minecraft:birch_log":7,"minecraft:birch_leaves":1,"minecraft:grass":8,"minecraft:coal_ore":9,"minecraft:gravel":10,"minecraft:cobweb":4,"minecraft:stone_bricks":3,"minecraft:emerald_block":1,"paraglider:goddess_statue":2},"minecraft:killed":{"fight_or_die:springer":1,"minecraft:vex":1,"minecraft:cave_spider":2,"born_in_chaos_v1:restless_spirit":1,"minecraft:spider":1,"born_in_chaos_v1:skeleton_thrasher_not_despawn":1,"born_in_chaos_v1:baby_skeleton_minion":5,"born_in_chaos_v1:maggot":1,"born_in_chaos_v1:corpse_fish":1,"irons_spellbooks:archevoker":1,"born_in_chaos_v1:fallen_chaos_knight":1,"minecraft:pig":1,"crittersandcompanions:sea_bunny":1,"born_in_chaos_v1:bone_imp_minion":13,"born_in_chaos_v1:baby_skeleton":1,"enemyexpansion:sprinter":1,"minecraft:creeper":1,"minecraft:sheep":3,"minecraft:pillager":17,"minecraft:zombie":2,"irons_spellbooks:summoned_vex":5,"born_in_chaos_v1:bonescaller_not_despawn":1,"minecraft:stray":1,"epicsamurai:komainu":1},"minecraft:broken":{"minecraft:leather_helmet":1,"minecraft:chainmail_leggings":1,"minecraft:stone_sword":1,"minecraft:chainmail_helmet":1,"minecraft:wooden_sword":1},"minecraft:used":{"minecraft:stone_sword":129,"minecraft:melon":5,"minecraft:shield":28,"minecraft:iron_sword":100,"minecraft:iron_chestplate":1,"minecraft:torch":10,"paraglider:goddess_statue":1,"minecraft:dirt":14,"minecraft:carrot":18,"minecraft:dark_oak_planks":9,"born_in_chaos_v1:smoked_flesh":4,"minecraft:iron_axe":43,"regions_unexplored:maple_sapling":1,"minecraft:goat_horn":5,"tombstone:gift":6,"minecraft:cooked_beef":1,"minecraft:leather_leggings":1,"minecraft:stone_pickaxe":52,"minecraft:wooden_pickaxe":3,"minecraft:chainmail_helmet":1,"minecraft:green_bed":1,"minecraft:crafting_table":5,"minecraft:apple":15,"minecraft:melon_slice":21,"minecraft:bread":53,"minecraft:suspicious_stew":2,"minecraft:iron_pickaxe":35,"minecraft:leather_helmet":3,"tombstone:grave_key":2,"friendsandfoes:waxed_lightning_rod":1,"minecraft:diamond_sword":419,"minecraft:wooden_sword":60,"minecraft:cobblestone":26,"regions_unexplored:maple_boat":1,"minecraft:experience_bottle":4,"minecraft:chainmail_leggings":2},"minecraft:killed_by":{"irons_spellbooks:summoned_vex":1},"minecraft:dropped":{"minecraft:bread":23,"minecraft:birch_planks":1,"reliquary:mob_charm_fragment":1,"minecraft:crossbow":1,"regions_unexplored:red_maple_shrub":1,"regions_unexplored:pine_shrub":1,"minecraft:cobblestone":1,"reliquary:glowing_water":1,"minecraft:chainmail_helmet":1,"minecraft:leather_helmet":1,"silentgear:blueprint_package":1,"minecraft:red_carpet":1,"thermal:flax_seeds":1,"born_in_chaos_v1:monster_flesh":2,"simplehats:carrotonstick":1,"minecraft:dirt":2,"minecraft:dark_oak_fence":2,"regions_unexplored:purple_coneflower":2,"tombstone:grave_dust":2,"minecraft:bone_meal":1,"minecraft:white_banner":1,"thermal:radish_seeds":1,"minecraft:string":1,"minecraft:white_wool":4,"simplehats:gnome_clover_wig":1,"minecraft:bone":1,"minecraft:gravel":6,"minecraft:kelp":4,"simplehats:burgerhat":2,"simplehats:acornhat":1,"thermal:amaranth_seeds":1,"minecraft:bowl":2,"simplehats:round_purple_wig":1,"minecraft:wheat":1,"born_in_chaos_v1:ethereal_spirit":1,"patchouli:guide_book":1,"minecraft:cobblestone_slab":1,"minecraft:charcoal":1,"minecraft:beetroot_seeds":1,"mysticalagriculture:inferium_essence":2,"born_in_chaos_v1:corpse_maggot":2,"minecraft:leather_boots":1,"minecraft:leather_leggings":1,"minecraft:stone_bricks":1,"thermal:rice_seeds":1,"minecraft:stone_pickaxe":1,"minecraft:wooden_pickaxe":1,"minecraft:raw_gold":1,"regions_unexplored:silt_dirt":1},"minecraft:crafted":{"minecraft:wooden_sword":1,"man:cassetteplayer":1,"minecraft:leather":4,"minecraft:stone_pickaxe":1,"minecraft:chest":1,"minecraft:dark_oak_planks":52,"sophisticatedbackpacks:iron_backpack":1,"minecraft:wheat":171,"minecraft:diamond_sword":1,"sophisticatedbackpacks:backpack":1,"minecraft:crafting_table":3,"minecraft:wooden_pickaxe":1,"minecraft:iron_sword":1,"sophisticatedbackpacks:gold_backpack":1,"minecraft:birch_planks":28,"minecraft:bread":67,"minecraft:air":0,"regions_unexplored:pine_planks":8,"minecraft:iron_chestplate":1,"minecraft:diamond_pickaxe":1,"minecraft:shield":1,"minecraft:stick":36,"minecraft:stone_sword":1,"minecraft:torch":16},"minecraft:picked_up":{"epicsamurai:cloth":2,"irons_spellbooks:scroll":1,"minecraft:crafting_table":3,"simplehats:hatbag_rare":1,"minecraft:leather_leggings":1,"born_in_chaos_v1:seedof_chaos":3,"regions_unexplored:silt_dirt":1,"minecraft:enchanted_book":1,"simplehats:mimic_head_dark":1,"regions_unexplored:maple_boat":1,"minecraft:diamond_horse_armor":1,"simplehats:round_purple_wig":1,"paraglider:goddess_statue":2,"minecraft:string":6,"minecraft:flint_and_steel":1,"simplehats:stinkycheeseman":1,"simplehats:sombrero":1,"irons_spellbooks:arcane_essence":6,"mysticalagriculture:inferium_essence":9,"regions_unexplored:pine_log":2,"minecraft:cobblestone_slab":1,"minecraft:melon_slice":72,"regions_unexplored:pine_shrub":1,"simplehats:hatbag_common":3,"minecraft:green_bed":1,"minecraft:porkchop":3,"born_in_chaos_v1:pieceofdarkmetal":7,"minecraft:carrot":7,"thermal:flax_seeds":1,"minecraft:dark_oak_planks":1,"regions_unexplored:purple_coneflower":2,"irons_spellbooks:evocation_rune":1,"friendsandfoes:waxed_lightning_rod":1,"minecraft:arrow":19,"minecraft:rotten_flesh":6,"simplehats:burgerhat":2,"regions_unexplored:maple_sapling":1,"minecraft:hay_block":25,"thermal:radish_seeds":1,"reliquary:mob_charm_fragment":1,"minecraft:mutton":5,"minecraft:white_wool":3,"minecraft:cobblestone":53,"minecraft:birch_log":7,"born_in_chaos_v1:corpse_maggot":2,"minecraft:cooked_beef":1,"paraglider:spirit_orb":4,"minecraft:chainmail_chestplate":1,"minecraft:gunpowder":1,"minecraft:dirt":16,"irons_spellbooks:rare_ink":1,"simplehats:hatbag_epic":1,"minecraft:leather_boots":1,"bhc:red_heart":6,"minecraft:red_carpet":1,"minecraft:bone":4,"simplehats:gnome_clover_wig":1,"minecraft:apple":3,"minecraft:stone_bricks":5,"minecraft:kelp":4,"regions_unexplored:red_maple_shrub":1,"minecraft:iron_ingot":2,"simplehats:hatbag_uncommon":1,"minecraft:emerald_block":1,"irons_spellbooks:frozen_bone":10,"born_in_chaos_v1:ethereal_spirit":1,"minecraft:gravel":6,"minecraft:melon":5,"minecraft:dark_oak_log":11,"minecraft:leather_helmet":1,"thermal:rice_seeds":1,"minecraft:chainmail_leggings":1,"simplehats:carrotonstick":1,"minecraft:crossbow":1,"minecraft:bone_meal":1,"minecraft:chainmail_helmet":2,"minecraft:emerald":5,"simplehats:acornhat":1,"minecraft:dark_oak_fence":2,"thermal:amaranth_seeds":1,"minecraft:stripped_dark_oak_log":2,"minecraft:coal":8}},"DataVersion":3465}