{"stats":{"minecraft:mined":{"minecraft:birch_log":7,"minecraft:crafting_table":1,"minecraft:grass":2,"minecraft:grass_block":2,"minecraft:gravel":8,"minecraft:stone":5,"minecraft:kelp":1},"minecraft:broken":{"minecraft:wooden_sword":1},"minecraft:killed":{"minecraft:pillager":1},"minecraft:custom":{"minecraft:time_since_rest":15082,"lootr:looted_stat":2,"minecraft:sprint_one_cm":43926,"minecraft:damage_taken":375,"minecraft:walk_one_cm":51416,"minecraft:mob_kills":1,"minecraft:drop":13,"tombstone:raider_killed":1,"minecraft:damage_dealt":1092,"minecraft:swim_one_cm":4956,"minecraft:interact_with_crafting_table":2,"minecraft:fly_one_cm":46824,"minecraft:play_time":15082,"minecraft:sneak_time":8,"minecraft:walk_under_water_one_cm":4303,"minecraft:damage_dealt_resisted":519,"minecraft:jump":310,"minecraft:leave_game":3,"minecraft:walk_on_water_one_cm":14116,"minecraft:time_since_death":15082,"minecraft:total_world_time":15082,"minecraft:climb_one_cm":914,"minecraft:fall_one_cm":10058},"minecraft:crafted":{"minecraft:wooden_sword":1,"minecraft:crafting_table":1,"minecraft:stick":12,"minecraft:wooden_pickaxe":1,"minecraft:stone_pickaxe":1,"minecraft:birch_planks":28},"minecraft:dropped":{"minecraft:gravel":4,"minecraft:kelp":4,"thermal:amaranth_seeds":1,"minecraft:leather_boots":1,"minecraft:wooden_pickaxe":1,"silentgear:blueprint_package":1,"patchouli:guide_book":1},"minecraft:used":{"minecraft:apple":5,"minecraft:stone_pickaxe":8,"minecraft:leather_helmet":1,"minecraft:wooden_pickaxe":3,"minecraft:wooden_sword":60,"minecraft:crafting_table":1,"minecraft:cooked_beef":1,"minecraft:chainmail_leggings":1},"minecraft:picked_up":{"minecraft:birch_log":7,"minecraft:crafting_table":1,"minecraft:cooked_beef":1,"minecraft:gravel":4,"minecraft:carrot":7,"minecraft:dark_oak_log":1,"minecraft:leather_helmet":1,"minecraft:dirt":2,"minecraft:leather_boots":1,"minecraft:arrow":2,"minecraft:apple":3,"minecraft:kelp":4,"minecraft:chainmail_leggings":1,"thermal:amaranth_seeds":1,"minecraft:cobblestone":5}},"DataVersion":3465}